Time,IP,Request,Status Code
19/01/2024 8:00,192.168.23.145,GET /index.html,200
19/01/2024 8:00,192.168.23.145,GET /css/bootstrap.min.css,200
19/01/2024 8:00,103.45.123.89,POST /api/login,401
19/01/2024 8:00,172.217.21.14,GET /products,200
19/01/2024 8:00,103.45.123.89,POST /api/login,401
19/01/2024 8:00,198.51.100.22,GET /contact,200
19/01/2024 8:00,103.45.123.89,POST /api/login,401
19/01/2024 8:00,91.234.56.178,POST /admin/login,401
19/01/2024 8:00,203.0.113.42,POST /api/login,401
19/01/2024 8:00,192.168.23.145,GET /js/app.js,200
19/01/2024 8:00,103.45.123.89,POST /api/login,401
19/01/2024 8:00,45.133.67.12,GET /.env,403
19/01/2024 8:00,91.234.56.178,POST /admin/login,401
19/01/2024 8:00,185.176.43.87,GET /wp-login.php,404
19/01/2024 8:00,103.45.123.89,POST /api/login,401
19/01/2024 8:00,172.217.21.14,GET /product/25,200
19/01/2024 8:00,203.0.113.42,POST /api/login,401
19/01/2024 8:00,198.51.100.22,GET /about,304
19/01/2024 8:00,103.45.123.89,POST /api/login,401
19/01/2024 8:00,91.234.56.178,POST /admin/login,401
19/01/2024 8:00,103.45.123.89,POST /api/login,201
19/01/2024 8:00,192.168.23.145,GET /images/header.jpg,200
19/01/2024 8:00,203.0.113.42,POST /api/login,401
19/01/2024 8:00,185.176.43.87,POST /phpmyadmin/,404
19/01/2024 8:00,91.234.56.178,POST /admin/login,401
19/01/2024 8:00,103.45.123.89,GET /dashboard,403
19/01/2024 8:00,172.217.21.14,GET /product/87,200
19/01/2024 8:00,203.0.113.42,POST /api/login,401
19/01/2024 8:00,198.51.100.22,POST /contact-form,200
19/01/2024 8:01,91.234.56.178,POST /admin/login,401
19/01/2024 8:01,103.45.123.89,POST /api/login,401
19/01/2024 8:01,45.133.67.12,GET /config.php.bak,403
19/01/2024 8:01,192.168.23.145,GET /favicon.ico,200
19/01/2024 8:01,203.0.113.42,POST /api/login,401
19/01/2024 8:01,185.176.43.87,GET /administrator,404
19/01/2024 8:01,91.234.56.178,POST /admin/login,401
19/01/2024 8:01,103.45.123.89,GET /user/profile,200
19/01/2024 8:01,172.217.21.14,GET /cart,200
19/01/2024 8:01,203.0.113.42,POST /api/login,401
19/01/2024 8:01,203.0.113.42,POST /api/login,201
19/01/2024 8:01,198.51.100.22,GET /privacy,200
19/01/2024 8:01,91.234.56.178,GET /admin,403
19/01/2024 8:01,103.45.123.89,POST /api/login,401
19/01/2024 8:01,192.168.23.145,GET /robots.txt,200
19/01/2024 8:01,45.133.67.12,GET /backup.zip,403
19/01/2024 8:01,203.0.113.42,GET /api/products,200
19/01/2024 8:01,185.176.43.87,POST /wp-admin,404
19/01/2024 8:01,91.234.56.178,POST /admin/login,401
19/01/2024 8:01,103.45.123.89,POST /api/login,401
19/01/2024 8:01,172.217.21.14,GET /product/12,200
19/01/2024 8:01,198.51.100.22,POST /newsletter,200
19/01/2024 8:01,203.0.113.42,GET /,200
19/01/2024 8:01,91.234.56.178,POST /admin/login,401
19/01/2024 8:01,103.45.123.89,POST /api/login,401
19/01/2024 8:01,192.168.23.145,GET /sitemap.xml,200
19/01/2024 8:01,45.133.67.12,GET /.git/config,403
19/01/2024 8:01,185.176.43.87,GET /mysql/admin,404
19/01/2024 8:01,172.217.21.14,GET /category/electronics,200
19/01/2024 8:01,203.0.113.42,POST /api/login,401
19/01/2024 8:01,91.234.56.178,POST /admin/login,401
19/01/2024 8:02,103.45.123.89,POST /api/login,401
19/01/2024 8:02,198.51.100.22,GET /terms,200
19/01/2024 8:02,192.168.23.145,GET /images/product.jpg,304
19/01/2024 8:02,45.133.67.12,GET /wp-content/debug.log,403
19/01/2024 8:02,203.0.113.42,POST /api/login,401
19/01/2024 8:02,185.176.43.87,GET /dbadmin,404
19/01/2024 8:02,91.234.56.178,POST /admin/login,401
19/01/2024 8:02,103.45.123.89,POST /api/login,401
19/01/2024 8:02,172.217.21.14,GET /product/99,200
19/01/2024 8:02,198.51.100.22,GET /faq,200
19/01/2024 8:02,203.0.113.42,POST /api/login,401
19/01/2024 8:02,192.168.23.145,GET /css/custom.css,200
19/01/2024 8:02,45.133.67.12,GET /backup.sql,403
19/01/2024 8:02,91.234.56.178,POST /admin/login,401
19/01/2024 8:02,103.45.123.89,POST /api/login,401
19/01/2024 8:02,185.176.43.87,GET /phpMyAdmin,404
19/01/2024 8:02,172.217.21.14,GET /search?q=phone,200
19/01/2024 8:02,203.0.113.42,POST /api/login,401
19/01/2024 8:02,198.51.100.22,GET /blog/post-1,200
19/01/2024 8:02,91.234.56.178,POST /admin/login,401
19/01/2024 8:02,103.45.123.89,POST /api/login,401
19/01/2024 8:02,192.168.23.145,GET /js/chart.js,200
19/01/2024 8:02,45.133.67.12,GET /old/config.inc.php,403
19/01/2024 8:02,185.176.43.87,GET /manager/html,404
19/01/2024 8:02,172.217.21.14,GET /product/55,200
19/01/2024 8:02,203.0.113.42,POST /api/login,401
19/01/2024 8:02,91.234.56.178,POST /admin/login,401
19/01/2024 8:02,103.45.123.89,POST /api/login,401
19/01/2024 8:02,198.51.100.22,GET /assets/logo.svg,200
19/01/2024 8:02,192.168.23.145,GET /fonts/arial.woff2,200
19/01/2024 8:03,45.133.67.12,GET /includes/config.php,403
19/01/2024 8:03,185.176.43.87,GET /adminer.php,404
19/01/2024 8:03,203.0.113.42,POST /api/login,401
19/01/2024 8:03,91.234.56.178,POST /admin/login,401
19/01/2024 8:03,103.45.123.89,POST /api/login,401
19/01/2024 8:03,172.217.21.14,GET /api/products,200
19/01/2024 8:03,198.51.100.22,POST /comment,200
19/01/2024 8:03,192.168.23.145,GET /video/demo.mp4,206
19/01/2024 8:03,45.133.67.12,GET /.htaccess,403
19/01/2024 8:03,185.176.43.87,GET /webadmin,404
19/01/2024 8:03,203.0.113.42,POST /api/login,401
19/01/2024 8:03,91.234.56.178,POST /admin/login,401
19/01/2024 8:03,103.45.123.89,POST /api/login,401
19/01/2024 8:03,172.217.21.14,GET /category/books,200
19/01/2024 8:03,198.51.100.22,GET /rss.xml,200
19/01/2024 8:03,192.168.23.145,GET /pdf/guide.pdf,200
19/01/2024 8:03,45.133.67.12,GET /tmp/log.txt,403
19/01/2024 8:03,185.176.43.87,GET /console,404
19/01/2024 8:03,203.0.113.42,POST /api/login,401
19/01/2024 8:03,91.234.56.178,POST /admin/login,401
19/01/2024 8:03,103.45.123.89,POST /api/login,401
19/01/2024 8:03,172.217.21.14,GET /product/33,200
19/01/2024 8:03,198.51.100.22,GET /sitemap.html,200
19/01/2024 8:03,192.168.23.145,GET /css/print.css,200
19/01/2024 8:03,45.133.67.12,GET /secret.txt,403
19/01/2024 8:03,185.176.43.87,GET /_admin,404
19/01/2024 8:03,203.0.113.42,POST /api/login,401
19/01/2024 8:03,91.234.56.178,POST /admin/login,401
19/01/2024 8:03,103.45.123.89,POST /api/login,401
19/01/2024 8:03,172.217.21.14,GET /api/version,200
19/01/2024 8:04,198.51.100.22,GET /security.txt,404
19/01/2024 8:04,192.168.23.145,GET /images/spinner.gif,200
19/01/2024 8:04,45.133.67.12,GET /dump.sql,403
19/01/2024 8:04,185.176.43.87,GET /cms/login,404
19/01/2024 8:04,203.0.113.42,POST /api/login,401
19/01/2024 8:04,91.234.56.178,POST /admin/login,401
19/01/2024 8:04,103.45.123.89,POST /api/login,401
19/01/2024 8:04,172.217.21.14,GET /product/77,200
19/01/2024 8:04,198.51.100.22,GET /openapi.json,200
19/01/2024 8:04,192.168.23.145,GET /js/analytics.js,200
19/01/2024 8:04,45.133.67.12,GET /backup.tar.gz,403
19/01/2024 8:04,185.176.43.87,GET /admin/login.php,404
19/01/2024 8:04,203.0.113.42,POST /api/login,401
19/01/2024 8:04,91.234.56.178,POST /admin/login,401
19/01/2024 8:04,103.45.123.89,POST /api/login,401
19/01/2024 8:04,172.217.21.14,GET /category/apparel,200
19/01/2024 8:04,198.51.100.22,GET /humans.txt,404
19/01/2024 8:04,192.168.23.145,GET /css/theme.css,200
19/01/2024 8:04,192.168.1.100,POST /api/login,401
19/01/2024 8:04,192.168.1.100,POST /api/login,401
19/01/2024 8:04,192.168.1.100,POST /api/login,401
19/01/2024 8:05,192.168.1.100,POST /api/login,201
19/01/2024 8:07,103.45.123.89,POST /api/login,401
19/01/2024 8:07,198.51.100.22,GET /security.txt,404
19/01/2024 8:07,192.168.23.145,GET /images/banner.jpg,200
19/01/2024 8:07,45.133.67.12,GET /wp-config.php,403
19/01/2024 8:07,185.176.43.87,GET /wp-admin,404
19/01/2024 8:07,203.0.113.42,POST /api/login,401
19/01/2024 8:07,91.234.56.178,POST /admin/login,401
19/01/2024 8:07,103.45.123.89,POST /api/login,401
19/01/2024 8:07,172.217.21.14,GET /product/101,200
19/01/2024 8:07,198.51.100.22,GET /robots.txt,200
19/01/2024 8:07,192.168.23.145,GET /js/main.js,200
19/01/2024 8:07,45.133.67.12,GET /backup.zip,403
19/01/2024 8:07,185.176.43.87,GET /phpmyadmin/,404
19/01/2024 8:07,203.0.113.42,POST /api/login,401
19/01/2024 8:07,91.234.56.178,POST /admin/login,401
19/01/2024 8:07,103.45.123.89,POST /api/login,401
19/01/2024 8:07,172.217.21.14,GET /category/electronics,200
19/01/2024 8:07,198.51.100.22,GET /sitemap.xml,200
19/01/2024 8:07,192.168.23.145,GET /css/bootstrap.css,200
19/01/2024 8:07,45.133.67.12,GET /config.php,403
19/01/2024 8:08,185.176.43.87,GET /mysql/admin,404
19/01/2024 8:08,203.0.113.42,POST /api/login,401
19/01/2024 8:08,91.234.56.178,POST /admin/login,401
19/01/2024 8:08,103.45.123.89,POST /api/login,401
19/01/2024 8:08,172.217.21.14,GET /product/102,200
19/01/2024 8:08,198.51.100.22,GET /favicon.ico,200
19/01/2024 8:08,192.168.23.145,GET /fonts/arial.ttf,200
19/01/2024 8:08,45.133.67.12,GET /wp-content/uploads/,403
19/01/2024 8:08,185.176.43.87,GET /dbadmin,404
19/01/2024 8:08,203.0.113.42,POST /api/login,401
19/01/2024 8:08,91.234.56.178,POST /admin/login,401
19/01/2024 8:08,103.45.123.89,POST /api/login,401
19/01/2024 8:08,172.217.21.14,GET /search?q=tablet,200
19/01/2024 8:08,198.51.100.22,GET /blog/post-4,200
19/01/2024 8:08,192.168.23.145,GET /js/chart.js,200
19/01/2024 8:08,45.133.67.12,GET /old/config.php,403
19/01/2024 8:08,185.176.43.87,GET /manager/html,404
19/01/2024 8:08,203.0.113.42,POST /api/login,401
19/01/2024 8:08,91.234.56.178,POST /admin/login,401
19/01/2024 8:08,103.45.123.89,POST /api/login,401
19/01/2024 8:08,172.217.21.14,GET /product/13,200
19/01/2024 8:08,198.51.100.22,GET /assets/logo.png,200
19/01/2024 8:08,192.168.23.145,GET /css/custom.css,200
19/01/2024 8:08,45.133.67.12,GET /tmp/log.txt,403
19/01/2024 8:08,185.176.43.87,GET /webadmin,404
19/01/2024 8:08,203.0.113.42,POST /api/login,401
19/01/2024 8:08,91.234.56.178,POST /admin/login,401
19/01/2024 8:08,103.45.123.89,POST /api/login,401
19/01/2024 8:08,172.217.21.14,GET /category/books,200
19/01/2024 8:08,198.51.100.22,GET /rss.xml,200
19/01/2024 8:08,192.168.23.145,GET /pdf/guide.pdf,200
19/01/2024 8:08,45.133.67.12,GET /secret.txt,403
19/01/2024 8:08,185.176.43.87,GET /_admin,404
19/01/2024 8:08,203.0.113.42,POST /api/login,401
19/01/2024 8:08,91.234.56.178,POST /admin/login,401
19/01/2024 8:08,103.45.123.89,POST /api/login,401
19/01/2024 8:08,172.217.21.14,GET /api/version,200
19/01/2024 8:08,198.51.100.22,GET /security.txt,404
19/01/2024 8:08,192.168.23.145,GET /images/spinner.gif,200
19/01/2024 8:08,45.133.67.12,GET /dump.sql,403
19/01/2024 8:08,185.176.43.87,GET /cms/login,404
19/01/2024 8:08,203.0.113.42,POST /api/login,401
19/01/2024 8:08,91.234.56.178,POST /admin/login,401
19/01/2024 8:08,103.45.123.89,POST /api/login,401
19/01/2024 8:08,172.217.21.14,GET /product/77,200
19/01/2024 8:08,198.51.100.22,GET /openapi.json,200
19/01/2024 8:08,192.168.23.145,GET /js/analytics.js,200
19/01/2024 8:08,45.133.67.12,GET /backup.tar.gz,403
19/01/2024 8:08,185.176.43.87,GET /admin/login.php,404
19/01/2024 8:08,203.0.113.42,POST /api/login,401
19/01/2024 8:08,91.234.56.178,POST /admin/login,401
19/01/2024 8:08,103.45.123.89,POST /api/login,401
19/01/2024 8:08,172.217.21.14,GET /category/apparel,200
19/01/2024 8:08,198.51.100.22,GET /humans.txt,404
19/01/2024 8:08,192.168.23.145,GET /css/theme.css,200